habit_id,date,notes
h_019df377-aa09-720b-b146-99eca84206e5,2026-04-10,Focused execution
h_019df377-aa09-720b-b146-99eca84206e5,2026-04-11,Making it work
h_019df377-aa09-720b-b146-99eca84206e5,2026-04-12,Need more consistency
h_019df377-aa09-720b-b146-99eca84206e5,2026-04-13,Better than yesterday
h_019df377-aa09-720b-b146-99eca84206e5,2026-04-14,Strong effort
h_019df377-aa09-720b-b146-99eca84206e5,2026-04-15,Tax day success
h_019df377-aa09-720b-b146-99eca84206e5,2026-04-16,Getting stronger
h_019df377-aa09-720b-b146-99eca84206e5,2026-04-17,Maintained focus
h_019df377-aa09-720b-b146-99eca84206e5,2026-04-18,Steady progress
h_019df377-aa09-720b-b146-99eca84206e5,2026-04-19,Almost missed
h_019df377-aa09-720b-b146-99eca84206e5,2026-04-20,Good recovery
h_019df377-aa09-720b-b146-99eca84206e5,2026-04-21,Need improvement